Date,gm_cap,tesla_cap
2010-11-18,43.9414525281195,1.52439
2010-11-19,44.031417479187006,1.58049
2010-11-22,43.800079033587004,1.7034
2010-11-23,42.733351756653,1.76307
2010-11-24,43.028950881586496,1.80897
2010-11-26,43.44021922932,1.80132
2010-11-29,43.44021922932,1.75083
2010-11-30,43.9543046639865,1.80183
2010-12-01,44.699728544253,1.75185
2010-12-02,44.571207185586,1.64985
2010-12-03,44.404129419319496,1.60599
2010-12-06,44.3141644682535,1.54581
2010-12-07,44.571207185586,1.60956
2010-12-08,44.275608060652495,1.6508699999999998
2010-12-09,43.3631064141195,1.6345499999999997
2010-12-10,43.45307136518699,1.60752
2010-12-13,43.44021922932,1.55805
2010-12-14,43.55588845212,1.45503
2010-12-15,43.196028647853,1.5096
2010-12-16,43.196028647853,1.57131
2010-12-17,43.697261946652496,1.59936
2010-12-20,43.3888106858535,1.6167
2010-12-21,43.504479908653494,1.64526
2010-12-22,44.8796584463865,1.6641300000000003
2010-12-23,44.7382849518525,1.53459
2010-12-27,44.468390098653,1.302999
2010-12-28,45.393743881053,1.34691
2010-12-29,46.293393391719,1.41423
2010-12-30,47.321564261052,1.3515
2010-12-31,47.372972804518504,1.35813
2011-01-03,48.900149269101895,2.662
2011-01-04,50.00851746624272,2.667
2011-01-05,50.2328300775686,2.683
2011-01-06,51.3280034152193,2.788
2011-01-07,51.43356229113718,2.824
2011-01-10,50.879378192567536,2.845
2011-01-11,51.130080522873655,2.696
2011-01-12,50.95854734950672,2.696
2011-01-13,50.4967272673633,2.622
2011-01-14,50.40436325093554,2.575
2011-01-18,50.18005063960967,2.564
2011-01-19,49.34877449175366,2.403
2011-01-20,49.05848758297872,2.262
2011-01-21,49.1376567399179,2.304
2011-01-24,49.665451119508845,2.449
2011-01-25,50.66826044073177,2.468
2011-01-26,49.995322606752595,2.475
2011-01-27,51.02452164695424,2.492
2011-01-28,48.293185732571786,2.401
2011-01-31,48.14804227818354,2.41
2011-02-01,48.0952628402246,2.391
2011-02-02,47.07925865951308,2.394
2011-02-03,47.580663320123776,2.363
2011-02-04,48.27999087308166,2.346
2011-02-07,48.425134327469905,2.307
2011-02-08,48.67583665777448,2.449
2011-02-09,48.04248340226566,2.321
2011-02-10,47.343155849307784,2.3215
2011-02-11,48.0952628402246,2.325
2011-02-14,47.88414508838884,2.308
2011-02-15,47.646637617572836,2.284
2011-02-16,48.49110862491896,2.473
2011-02-17,47.98970396430672,2.36
2011-02-18,48.17443199716378,2.318
2011-02-22,47.19801239492108,2.187
2011-02-23,45.64101897512696,2.183
2011-02-24,43.56942603523356,2.253
2011-02-25,43.87290780349708,2.361
2011-02-28,44.242363869211204,2.389
2011-03-01,43.47706201880426,2.394
2011-03-02,43.3846980023765,2.402
2011-03-03,43.58262089472215,2.436
2011-03-04,42.73814988737757,2.495
2011-03-07,41.827704582582385,2.494
2011-03-08,43.1735802505392,2.466
2011-03-09,42.5534218545205,2.472
2011-03-10,41.45824851686827,2.401
2011-03-11,42.13118635084744,2.407
2011-03-14,41.68256112819568,2.325
2011-03-15,42.68537044941862,2.295
2011-03-16,41.93326345850026,2.282
2011-03-17,41.4846382358485,2.281
2011-03-18,42.02562747492956,2.296
2011-03-21,41.27352048401274,2.273
2011-03-22,40.56099807156473,2.219
2011-03-23,41.11518217013438,2.221
2011-03-24,41.41866393839944,2.233
2011-03-25,41.52422281431732,2.275
2011-03-28,40.70614152595144,2.325
2011-03-29,41.03601301319674,2.392
2011-03-30,41.62978169023674,2.371
2011-03-31,40.94364899676744,2.775
2011-04-01,42.764539606356266,2.666
2011-04-04,42.73814988737757,2.583
2011-04-05,43.371503142886375,2.67
2011-04-06,43.371503142886375,2.649
2011-04-07,42.63259101145814,2.724
2011-04-08,41.59019711176638,2.649
2011-04-11,40.60058265003356,2.527
2011-04-12,41.1019873106458,2.465
2011-04-13,40.71933638544156,2.493
2011-04-14,40.34988031972744,2.514
2011-04-15,39.90125509707568,2.558
2011-04-18,39.54499389085168,2.503
2011-04-19,39.043589230240975,2.516
2011-04-20,39.49221445289274,2.575
2011-04-21,40.83809012084956,2.674
2011-04-25,41.088792451155676,2.639
2011-04-26,41.26032562452262,2.693
2011-04-27,41.93326345850026,2.708
2011-04-28,42.104796631867195,2.766
2011-04-29,42.34230410268321,2.76
2011-05-02,42.4610578380912,2.745
2011-05-03,43.5298414567632,2.687
2011-05-04,43.59581575421226,2.669
2011-05-05,42.24994008625544,2.644
2011-05-06,42.104796631867195,2.712
2011-05-09,41.41866393839944,2.791
2011-05-10,41.708950847174386,2.833
2011-05-11,41.29991020299144,2.707
2011-05-12,41.45824851686827,2.767
2011-05-13,40.99642843472638,2.755
2011-05-16,41.03601301319674,2.66
2011-05-17,41.03601301319674,2.596
2011-05-18,41.59019711176638,2.635
2011-05-19,41.52422281431732,2.82
2011-05-20,41.14157188911462,2.797
2011-05-23,40.85128498033968,2.682
2011-05-24,40.67975180697274,2.672
2011-05-25,41.26032562452262,2.898
2011-05-26,40.48182891462557,2.948
2011-05-27,41.27352048401274,2.955
2011-05-31,41.97284803697062,3.014
2011-06-01,39.888060237585556,2.8517
2011-06-02,39.05678408972956,2.876
2011-06-03,38.42343083422074,3.013
2011-06-06,37.68451870279404,2.87
2011-06-07,37.974805611568975,2.837
2011-06-08,38.08036448748686,2.712
2011-06-09,38.858861197383916,2.762
2011-06-10,38.06716962799674,2.786
2011-06-13,37.72410328126286,2.843
2011-06-14,38.41023597473062,2.86
2011-06-15,38.19911822289486,2.732
2011-06-16,37.72410328126286,2.65
2011-06-17,38.26509252034393,2.65
2011-06-20,38.95122521381168,2.601
2011-06-21,39.043589230240975,2.753
2011-06-22,39.54499389085168,2.721
2011-06-23,39.76930650217756,2.771
2011-06-24,39.47901959340262,2.7565
2011-06-27,39.92764481605592,2.746
2011-06-28,40.24432144380956,2.811
2011-06-29,39.98042425401486,2.829
2011-06-30,40.0595934109525,2.913
2011-07-01,40.34988031972744,2.902
2011-07-05,40.71933638544156,2.914
2011-07-06,41.15476674860474,2.896
2011-07-07,41.9596531774805,2.973
2011-07-08,41.66936626870556,2.881
2011-07-11,40.57419293105486,2.835
2011-07-12,40.48182891462557,2.817
2011-07-13,40.57419293105486,2.864
2011-07-14,39.71652706421862,2.761
2011-07-15,39.267901841566854,2.758
2011-07-18,38.39704111524204,2.723
2011-07-19,38.70052288350556,2.789
2011-07-20,38.5817691480991,2.869
2011-07-21,39.531799031361565,2.87
2011-07-22,39.71652706421862,2.929
2011-07-25,38.924835494832976,2.849
2011-07-26,38.38384625575192,2.8
2011-07-27,37.13033460422286,2.764
2011-07-28,37.07755516626391,2.817
2011-07-29,36.523371067694285,2.817
2011-08-01,37.03797058779511,2.877
2011-08-02,35.69209491983828,2.734
2011-08-03,35.8504332337151,2.72
2011-08-04,34.29343981392252,2.475
2011-08-05,34.71567531759404,2.424
2011-08-08,32.419769766374756,2.364
2011-08-09,33.69967113688252,2.506
2011-08-10,31.562103899538517,2.382
2011-08-11,34.05593234310652,2.53
2011-08-12,33.97676318616734,2.631
2011-08-15,34.860818771982274,2.623
2011-08-16,34.08232206208522,2.61
2011-08-17,32.90797956749534,2.583
2011-08-18,31.13986839586546,2.426
2011-08-19,29.239808629338995,2.23
2011-08-22,28.646039952299,2.195
2011-08-23,29.10786003444088,2.296
2011-08-24,29.516900678623816,2.387
2011-08-25,29.42453666219606,2.311
2011-08-26,30.17664365311288,2.373
2011-08-29,31.39057072617158,2.471
2011-08-30,31.11347867688676,2.463
2011-08-31,31.707247353926757,2.474
2011-09-01,30.38776140494864,2.4
2011-09-02,29.121054893931,2.307
2011-09-06,28.289778746074997,2.294
2011-09-07,30.16344879362276,2.384
2011-09-08,29.662044133012063,2.361
2011-09-09,28.71201424974806,2.297
2011-09-12,28.857157704134757,2.288
2011-09-13,29.0286908775017,2.408
2011-09-14,29.266198348317705,2.434
2011-09-15,29.952331041786998,2.482
2011-09-16,29.833577306379002,2.58
2011-09-19,30.414151123928878,2.577
2011-09-20,29.596069835563,2.601
2011-09-21,28.078660994237698,2.585
2011-09-22,26.706395607302177,2.563
2011-09-23,27.70920492852512,2.638
2011-09-26,27.814763804443,2.552
2011-09-27,27.95990725883124,2.619
2011-09-28,26.93070821862806,2.459
2011-09-29,27.39252830076994,2.412
2011-09-30,26.627226450363004,2.439
2011-10-03,26.033457773322997,2.373
2011-10-04,28.26338902709476,2.366
2011-10-05,29.3849520837257,2.537
2011-10-06,29.49051095964358,2.696
2011-10-07,29.041885736991823,2.699
2011-10-10,29.84677216586758,2.788
2011-10-11,29.688433851990762,2.761
2011-10-12,30.889166065560882,2.78
2011-10-13,30.54609971882546,2.794
2011-10-14,31.878780527293696,2.805
2011-10-17,30.585684297295817,2.742
2011-10-18,31.06069923892782,2.834
2011-10-19,30.46693056188782,2.757
2011-10-20,30.29539738852088,2.734
2011-10-21,32.129482857598276,2.803
2011-10-24,32.96075900545428,2.855
2011-10-25,32.80242069157746,2.825
2011-10-26,32.9739538649444,2.798
2011-10-27,34.385803830350284,2.876
2011-10-28,34.9004033504511,2.987
2011-10-31,34.10871178106546,2.937
2011-11-01,30.783607189641458,2.888
2011-11-02,30.612074016274516,2.871
2011-11-03,31.707247353926757,3.246
2011-11-04,31.15306325535558,3.231
2011-11-07,31.680857634946523,3.127
2011-11-08,33.039928162393466,3.184
2011-11-09,29.437731521684643,3.088
2011-11-10,29.952331041786998,3.133
2011-11-11,29.701628711480875,3.364
2011-11-14,30.3349819669897,3.322
2011-11-15,30.8099969086217,3.393
2011-11-16,29.88635674433794,3.494
2011-11-17,28.75159882821688,3.368
2011-11-18,28.60645537382864,3.26
2011-11-21,27.775179225974178,3.176
2011-11-22,27.35294372230112,3.207
2011-11-23,26.706395607302177,3.145
2011-11-25,26.838344202200304,3.166
2011-11-28,27.36613858179124,3.256
2011-11-29,26.798759623729943,3.175
2011-11-30,28.09185585372782,3.274
2011-12-01,27.65642549056618,3.26
2011-12-02,28.078660994237698,3.3299999999999996
2011-12-05,28.48770163842218,3.442
2011-12-06,28.60645537382864,3.4869999999999997
2011-12-07,28.94952172056406,3.419
2011-12-08,27.682815209544877,3.089
2011-12-09,27.90712782087076,3.104
2011-12-12,27.44530773872888,3.041
2011-12-13,26.53486243393524,2.945
2011-12-14,25.69039142658912,2.853
2011-12-15,26.52166757444512,2.862
2011-12-16,26.58764187189418,2.8
2011-12-19,25.13620732801948,2.775
2011-12-20,25.98067833536406,2.79
2011-12-21,26.81195448322006,2.757
2011-12-22,27.313359143832297,2.777
2011-12-23,27.049461954036058,2.79
2011-12-27,26.508472714955,2.857
2011-12-28,26.20499094668994,2.851
2011-12-29,26.66681102883336,2.873
2011-12-30,26.745980185771,2.856
2012-01-03,28.316254145960688,3.00456
2012-01-04,28.45077316803058,2.96497
2012-01-05,29.82286719315539,2.90184
2012-01-06,30.831759858689768,2.87937
2012-01-09,30.72414464103166,2.91575
2012-01-10,31.262220729315928,2.95534
2012-01-11,32.91680470079112,3.02061
2012-01-12,33.18584274493247,3.02275
2012-01-13,32.674670461063116,2.43853
2012-01-17,32.55360334119912,2.8462
2012-01-18,32.97061230961939,2.86867
2012-01-19,33.38762127803966,2.86332
2012-01-20,33.62975551776766,2.8462
2012-01-23,33.52214030011112,2.86439
2012-01-24,33.34726557141885,2.93394
2012-01-25,33.52214030011112,2.99279
2012-01-26,33.2531022559682,3.09658
2012-01-27,32.78228567871966,3.13831
2012-01-30,32.59395904781993,3.16399
2012-01-31,32.311469101471125,3.11049
2012-02-01,32.78228567871966,3.16506
2012-02-02,32.70157426547647,3.23675
2012-02-03,35.217079978205554,3.33305
2012-02-06,35.916578892976204,3.4026
2012-02-07,35.27088758703382,3.3812
2012-02-08,34.63864818330047,3.41651
2012-02-09,34.62519628109301,3.48606
2012-02-10,34.30235062812339,3.3277
2012-02-13,34.08712019280874,3.36943
2012-02-14,34.16783160605193,3.54919
2012-02-15,33.53559220231701,3.5952
2012-02-16,36.54881829670955,3.65726
2012-02-17,36.77750063423009,3.74179
2012-02-21,36.400847372432196,3.6915
2012-02-22,35.71480035986901,3.66154
2012-02-23,36.037646012840206,3.69471
2012-02-24,35.0691090539282,3.61125
2012-02-27,35.593733240005015,3.5973399999999995
2012-02-28,35.16327236937728,3.6176700000000004
2012-02-29,35.00184954289247,3.5748699999999993
2012-03-01,35.60718514221247,3.6818699999999995
2012-03-02,35.58028133779755,3.64228
2012-03-05,34.974945738477544,3.6133900000000003
2012-03-06,33.06477562506847,3.54277
2012-03-07,33.468332691282846,3.5438399999999994
2012-03-08,34.23522563611008,3.53849
2012-03-09,34.4637734546082,3.71718
2012-03-12,34.15437970384447,3.85307
2012-03-13,35.0691090539282,3.8616300000000003
2012-03-14,35.405406609105285,3.77603
2012-03-15,35.04220524951327,3.745
2012-03-16,34.39651394357247,3.77924
2012-03-19,34.15437970384447,3.7428599999999994
2012-03-20,33.75082263763166,3.74072
2012-03-21,34.019860681773004,3.76105
2012-03-22,33.69701502880339,3.6808
2012-03-23,33.8584378552882,3.64656
2012-03-26,34.40996584577993,4.0018
2012-03-27,34.100572095016204,4.0595799999999995
2012-03-28,33.83153405087328,4.04995
2012-03-29,34.04676448618793,3.99431
2012-03-30,34.50412916122901,3.98468
2012-04-02,35.99729030621782,3.91406
2012-04-03,34.356158236951664,4.06707
2012-04-04,33.76427453983912,3.745
2012-04-05,33.374169375832196,3.6893599999999993
2012-04-09,32.55360334119912,3.54705
2012-04-10,31.894460133050853,3.47322
2012-04-11,32.324921003678575,3.5406300000000006
2012-04-12,32.68812236327059,3.5780799999999995
2012-04-13,32.01552725291485,3.5941300000000003
2012-04-16,31.504354969043934,3.45075
2012-04-17,32.33837290588447,3.44968
2012-04-18,32.48634383016339,3.4946199999999994
2012-04-19,32.29801719926366,3.5481199999999995
2012-04-20,31.74648920877193,3.5481199999999995
2012-04-23,30.87211556531058,3.41758
2012-04-24,30.79140415206739,3.40474
2012-04-25,31.35638404476658,3.5213699999999997
2012-04-26,31.907912035258313,3.58343
2012-04-27,31.65232589332285,3.5673800000000004
2012-04-30,30.93937507634631,3.5449100000000007
2012-05-01,31.35638404476658,3.61446
2012-05-02,30.845211760895662,3.6315799999999996
2012-05-03,30.09190523729831,3.47322
2012-05-04,30.078453335090853,3.40581
2012-05-07,30.145712846126578,3.47429
2012-05-08,29.903578606398582,3.23033
2012-05-09,30.18606855274739,3.21642
2012-05-10,30.09190523729831,3.52672
2012-05-11,29.59418485563485,3.45075
2012-05-14,29.09646447397296,3.21642
2012-05-15,28.81397452762258,3.14901
2012-05-16,29.47311773577085,3.12226
2012-05-17,29.069560669558037,3.05699
2012-05-18,28.491128874652958,2.94892
2012-05-21,28.97539735410896,3.07839
2012-05-22,28.921589745280688,3.29453
2012-05-23,29.769059584327117,3.31914
2012-05-24,29.64799246446312,3.24424
2012-05-25,30.18606855274739,3.18967
2012-05-29,30.737596543239118,3.39083
2012-05-30,30.09190523729831,3.25387
2012-05-31,29.863222899777767,3.1565
2012-06-01,29.60763675784231,3.01205
2012-06-04,28.396965559202307,2.98316
2012-06-05,28.585292190102038,2.98637
2012-06-06,29.365502518114308,3.12654
2012-06-07,29.39240632252923,3.09551
2012-06-08,29.661444366670583,3.21856
2012-06-11,29.486569637978313,3.11584
2012-06-12,29.82286719315539,3.17362
2012-06-13,29.419310126942577,3.18539
2012-06-14,29.3251468114935,3.14473
2012-06-15,29.24443539825031,3.20037
2012-06-18,28.82742642983004,3.40688
2012-06-19,29.24443539825031,3.4336300000000004
2012-06-20,28.89468594086577,3.61446
2012-06-21,27.764726155468963,3.4443299999999994
2012-06-22,27.71091854664069,3.6149949999999995
2012-06-25,26.7827372943495,3.54277
2012-06-26,26.70202588110788,3.38227
2012-06-27,26.44643973917242,3.41972
2012-06-28,26.6616701744855,3.36087
2012-06-29,26.52715115241561,3.34803
2012-07-02,26.32537261930842,3.2528
2012-07-03,27.805081862089768,3.28062
2012-07-05,27.630207133397498,3.34161
2012-07-06,27.32081338263377,3.31593
2012-07-09,27.19974626276977,3.36943
2012-07-10,26.63476637007215,3.34589
2012-07-11,26.76928539214361,3.37157
2012-07-12,26.002526966337232,3.4989000000000003
2012-07-13,26.39263213034415,3.66475
2012-07-16,26.069786477372958,3.84772
2012-07-17,26.36572832592923,3.56845
2012-07-18,26.997967729664147,3.44005
2012-07-19,27.09213104511323,3.4528900000000005
2012-07-20,26.04288267295961,3.40153
2012-07-23,25.96217125971642,3.28062
2012-07-24,25.58551799791696,3.19288
2012-07-25,25.289576149360688,3.09765
2012-07-26,25.706585117780964,3.00991
2012-07-27,26.45989164137988,3.15757
2012-07-30,26.04288267295961,2.92645
2012-07-31,26.51369925020815,2.93394
2012-08-01,26.44643973917242,2.80875
2012-08-02,25.746940824403342,2.7927
2012-08-03,26.95761202304177,2.91789
2012-08-06,26.70202588110788,3.02489
2012-08-07,27.468784306912692,3.23675
2012-08-08,27.414976698084423,3.11263
2012-08-09,27.778178057676417,3.14687
2012-08-10,27.630207133397498,3.20358
2012-08-13,27.53604381794842,3.33519
2012-08-14,27.18629436056388,3.14794
2012-08-15,27.09213104511323,3.1458
2012-08-16,28.692907407758582,3.2421
2012-08-17,29.60763675784231,3.21107
2012-08-20,29.419310126942577,3.15757
2012-08-21,29.09646447397296,3.11477
2012-08-22,29.23098349604285,3.20465
2012-08-23,28.706359309966043,3.28811
2012-08-24,28.491128874652958,3.1565
2012-08-27,28.544936483481226,3.03024
2012-08-28,28.168283221681776,3.06983
2012-08-29,28.65255170113777,3.03987
2012-08-30,28.396965559202307,3.03987
2012-08-31,28.7198112121735,3.05164
2012-09-04,28.666003603345228,3.01098
2012-09-05,29.27133920266523,2.98958
2012-09-06,30.19952045495485,3.05485
2012-09-07,31.437095458008198,3.14045
2012-09-10,30.912471271931388,2.92859
2012-09-11,30.89901936972393,2.9746
2012-09-12,31.114249805038583,3.02596
2012-09-13,31.65232589332285,3.15436
2012-09-14,32.472891927955935,3.25173
2012-09-17,32.01552725291485,3.48178
2012-09-18,32.86299709196285,3.35338
2012-09-19,33.29345796258901,3.32235
2012-09-20,32.84954518975539,3.3063
2012-09-21,33.36071747362474,3.21214
2012-09-24,32.7688337765122,3.28062
2012-09-25,31.63887399111539,2.95962
2012-09-26,31.46399926242312,2.94678
2012-09-27,31.18150931607431,3.04843
2012-09-28,30.60307752116766,3.13296
2012-10-01,31.060442196210307,3.12012
2012-10-02,31.854104426430037,3.1886
2012-10-03,32.80918948313458,3.1351
2012-10-04,33.15893894051912,3.1458
2012-10-05,33.36071747362474,3.09123
2012-10-08,33.05132372286258,3.12975
2012-10-09,32.78228567871966,3.03559
2012-10-10,32.59395904781993,3.0388
2012-10-11,33.172390842725015,3.03024
2012-10-12,32.87644899416874,2.95748
2012-10-15,32.93025660299858,2.92431
2012-10-16,33.34726557141885,3.00242
2012-10-17,33.71046693100928,3.0836437
2012-10-18,34.383062041365015,3.00028
2012-10-19,33.07822752727593,2.96818
2012-10-22,33.11858323389674,2.97995
2012-10-23,32.10969056836393,3.03773
2012-10-24,31.867556328635928,2.93394
2012-10-25,31.78684491539431,2.94464
2012-10-26,31.31602833814577,2.92966
2012-10-31,34.30235062812339,3.0100598
2012-11-01,34.54448486785139,3.1292578
2012-11-02,34.69245579212874,3.0942474
2012-11-05,34.39651394357247,3.3705
2012-11-06,35.23053188041301,3.33305
2012-11-07,33.67011122438847,3.37478
2012-11-08,33.2531022559682,3.35017
2012-11-09,33.683563126595935,3.24424
2012-11-12,33.9795049751522,3.32449
2012-11-13,33.38762127803966,3.3827301
2012-11-14,32.51324763457831,3.35766
2012-11-15,32.12314247057139,3.29774
2012-11-16,32.08278676395058,3.4068693
2012-11-19,33.53559220231701,3.52244
2012-11-20,33.091679429483385,3.531
2012-11-21,33.091679429483385,3.47429
2012-11-23,33.912245464116474,3.4379100000000005
2012-11-26,33.93914926853139,3.4528900000000005
2012-11-27,33.64320741997512,3.44005
2012-11-28,34.006408779567124,3.5556099999999997
2012-11-29,35.09601285834155,3.6048299999999993
2012-11-30,34.813522911992735,3.61874
2012-12-03,34.31580253032928,3.7043399999999997
2012-12-04,34.18128350825939,3.6273
2012-12-05,33.62975551776766,3.60697
2012-12-06,33.05132372286258,3.6273
2012-12-07,33.885341659703116,3.65619
2012-12-10,34.006408779567124,3.69899
2012-12-11,34.235091117087656,3.77496
2012-12-12,34.47722535681566,3.77282
2012-12-13,33.791178344252465,3.59627
2012-12-14,33.10513133169085,3.6176700000000004
2012-12-17,33.42797698466047,3.6808
2012-12-18,34.28889872591593,3.7011300000000005
2012-12-19,36.562270198917005,3.70327
2012-12-20,36.77750063423009,3.68401
2012-12-21,36.75059682981674,3.638
2012-12-24,37.20796150485782,3.66796
2012-12-26,37.15415389602955,3.5941300000000003
2012-12-27,37.61151857107063,3.6048299999999993
2012-12-28,37.46354764679328,3.55454
2012-12-31,38.78183406308982,3.6240899999999994
2013-01-02,34.69279851575202,4.20784
2013-01-03,35.51456408306575,4.137630000000001
2013-01-04,35.562202666679426,4.0936
2013-01-07,35.32400974861659,4.086460000000001
2013-01-08,34.978630017427136,4.00792
2013-01-09,35.69320877161287,4.00316
2013-01-10,36.25296212905972,3.99007
2013-01-11,36.157684961833745,3.9162899999999996
2013-01-14,36.121956024124884,3.95794
2013-01-15,36.44351646350888,4.0341
2013-01-16,34.90717214200801,4.0579
2013-01-17,35.121545768264006,4.091220000000001
2013-01-18,34.87144320429914,4.107880000000001
2013-01-22,34.097316220596305,4.187609999999999
2013-01-23,34.02585834517856,4.284
2013-01-24,34.27596090914343,4.40181
2013-01-25,34.621340640332875,4.40062
2013-01-28,34.33550913865914,4.52557
2013-01-29,33.8829425943403,4.51605
2013-01-30,33.275550653282565,4.46488
2013-01-31,33.4541953418283,4.46369
2013-02-01,33.54947250905427,4.5577
2013-02-04,33.29936994508801,4.49106
2013-02-05,34.049677636984015,4.53747
2013-02-06,33.96631011566285,4.66123
2013-02-07,33.90676188614714,4.69812
2013-02-08,34.02585834517856,4.66956
2013-02-11,33.97821976156488,4.57198
2013-02-12,34.00203905337172,4.50891
2013-02-13,34.14495480420859,4.57555
2013-02-14,33.04926738112314,4.5577
2013-02-15,33.06117702702656,4.40776
2013-02-19,32.965899859801986,4.67432
2013-02-20,32.27514039742169,4.58626
2013-02-21,31.572471289137976,4.1840399999999995
2013-02-22,32.28705004332372,4.29709
2013-02-25,31.35809766288198,4.091220000000001
2013-02-26,31.95357995803769,4.09717
2013-02-27,32.63242977451456,4.1769
2013-02-28,32.334688626936014,4.14477
2013-03-01,32.406146502355135,4.12335
2013-03-04,32.26323075151827,4.23402
2013-03-05,32.846803400770554,4.36135
2013-03-06,33.2398217155723,4.48511
2013-03-07,33.20409277786343,4.54937
2013-03-08,33.3470085287003,4.57793
2013-03-11,33.71620755169659,4.6529
2013-03-12,33.78766542711572,4.65528
2013-03-13,33.43037605002285,4.63862
2013-03-14,33.53756286315085,4.38515
2013-03-15,33.59711109266656,4.19951
2013-03-18,33.39464711231259,4.18285
2013-03-19,33.46610498773172,4.17452
2013-03-20,34.776166037073175,4.27805
2013-03-21,34.097316220596305,4.28519
2013-03-22,33.60902073856859,4.35778
2013-03-25,33.53756286315085,4.46607
2013-03-26,33.52565321724743,4.50534
2013-03-27,33.41846640411943,4.54104
2013-03-28,33.1326349024443,4.50891
2013-04-01,33.10881561063885,5.22767
2013-04-02,33.26364100737914,5.27646
2013-04-03,33.10881561063885,4.8909
2013-04-04,33.03735773521972,4.99919
2013-04-05,32.77534552535143,4.92303
2013-04-08,32.858713046673984,4.97777
2013-04-09,32.78725517125485,4.8195
2013-04-10,33.78766542711572,4.98134
2013-04-11,35.39546762403572,5.18721
2013-04-12,35.276371165004306,5.20625
2013-04-15,34.43078630588372,5.1527
2013-04-16,35.09772647645717,5.42521
2013-04-17,34.85953355839572,5.40855
2013-04-18,34.51415382720488,5.58943
2013-04-19,34.71661780755885,5.69177
2013-04-22,34.83571426658888,5.97261
2013-04-23,35.55029302077601,6.07019
2013-04-24,36.26487177496175,6.00117
2013-04-25,36.574522568442326,6.188
2013-04-26,36.32442000447746,6.0928
2013-04-29,36.669799735668306,6.53786
2013-04-30,36.72934796518401,6.42481
2013-05-01,35.943311335577754,6.34032
2013-05-02,37.110456634082325,6.43909
2013-05-03,38.229963348974614,6.49145
2013-05-06,37.8964932636872,7.0805
2013-05-07,37.694029283334615,6.60569
2013-05-08,38.206144057169176,6.6385935
2013-05-09,37.694029283334615,8.258600000000001
2013-05-10,37.42010742756291,9.134916
2013-05-13,36.91990229963317,10.4482
2013-05-14,37.57493282430459,9.90556
2013-05-15,38.480065912939494,10.096198
2013-05-16,38.57534308016546,10.977512
2013-05-17,39.802036608185745,10.8885
2013-05-20,40.135506693471775,10.70286
2013-05-21,39.778217316378914,10.42321
2013-05-22,39.57575333602633,10.38156
2013-05-23,39.12318679170749,11.03487
2013-05-24,39.14700608351433,11.55252
2013-05-28,40.44515748695236,13.129746
2013-05-29,40.552344300080364,12.450851
2013-05-30,41.25501340836407,12.48905
2013-05-31,40.3617899656312,11.63344
2013-06-03,40.99300119849578,11.01821
2013-06-04,41.63612207726378,11.28596
2013-06-05,40.51661536237149,11.34903
2013-06-06,41.01682049030262,11.58465
2013-06-07,41.71948959858494,12.14276
2013-06-10,41.37410986739549,11.90595
2013-06-11,40.40942854924349,11.24193
2013-06-12,39.83776554589462,11.62987
2013-06-13,41.08827836572036,11.68342
2013-06-14,40.83817580175548,11.9357
2013-06-17,40.17123563118204,12.1618
2013-06-18,40.504705716468074,12.30341
2013-06-19,40.08786810985949,12.45692
2013-06-20,38.77780706051804,11.97735
2013-06-21,38.36096945390946,11.84645
2013-06-24,37.42010742756291,12.07731
2013-06-25,37.8964932636872,12.1856
2013-06-26,38.76589741461462,12.58068
2013-06-27,39.42092793928604,13.00075
2013-06-28,39.67103050325091,12.77584
2013-07-01,40.49279607056465,13.944301
2013-07-02,40.61189252959607,14.02058
2013-07-03,40.65953111320836,13.71356
2013-07-05,41.29074234607294,14.29071
2013-07-08,41.25501340836407,14.47159
2013-07-09,41.58848349365149,14.69055
2013-07-10,42.0767789756792,14.55013
2013-07-11,43.041460293829815,14.94759
2013-07-12,43.351111087311786,15.4581
2013-07-15,43.47020754634181,15.14394
2013-07-16,43.0890988774421,12.97695
2013-07-17,43.3034725036981,14.30975
2013-07-18,43.875135507048356,14.16457
2013-07-19,43.60121365127665,14.24192
2013-07-22,43.77985833982239,14.56917
2013-07-23,43.60121365127665,14.60606
2013-07-24,44.232424884141224,14.4823
2013-07-25,44.160967008722096,14.76433
2013-07-26,43.67267152669439,15.397409999999999
2013-07-29,43.327291795504934,16.01978
2013-07-30,43.47020754634181,15.677060000000003
2013-07-31,42.719899854445806,15.97932
2013-08-01,43.43447860863294,16.130450000000003
2013-08-02,44.00614161198181,16.422
2013-08-05,43.76794869392036,17.21692
2013-08-06,42.82708666757381,16.91585
2013-08-07,42.255423664224935,15.973369999999997
2013-08-08,42.88663489708952,18.26412
2013-08-09,42.898544542992944,18.207
2013-08-12,42.850905959380654,17.53822
2013-08-13,42.68417091673694,17.30617
2013-08-14,42.36261047735294,16.583840000000002
2013-08-15,41.14782659523607,16.62073
2013-08-16,40.94536261488349,16.898
2013-08-19,41.07636871981694,17.2431
2013-08-20,41.4336580969112,17.80002
2013-08-21,41.124007303430616,17.59534
2013-08-22,41.671851014972646,18.6949
2013-08-23,41.7552185362952,19.258841
2013-08-26,41.58848349365149,19.54218
2013-08-27,40.12359704756836,19.87419
2013-08-28,40.39751890334007,19.80755
2013-08-29,41.02873013620465,19.76114
2013-08-30,40.58807323779062,20.111
2013-09-03,40.65953111320836,20.10386
2013-09-04,42.69608056264036,20.304018
2013-09-05,43.26774356598923,20.22167
2013-09-06,43.05336993973323,19.86943
2013-09-09,43.44638825453636,19.1233
2013-09-10,44.06568984149752,19.79803
2013-09-11,43.29156285779607,19.45888
2013-09-12,43.31538214960152,19.62667
2013-09-13,42.946183126605234,19.69926
2013-09-16,43.13673746105578,19.82302
2013-09-17,43.72031011030807,19.78137
2013-09-18,44.756449303877815,19.779942
2013-09-19,44.33961169726923,21.17248
2013-09-20,43.86322586114494,21.82341
2013-09-23,44.22051523823781,21.55209
2013-09-24,44.5897142612341,21.69727
2013-09-25,44.280063467753514,22.043322
2013-09-26,44.00614161198181,22.44816
2013-09-27,43.31538214960152,22.7171
2013-09-30,42.83899631347723,23.01103
2013-10-01,42.767538438059496,22.967
2013-10-02,42.80326737576836,21.53305
2013-10-03,42.02914039206552,20.62389
2013-10-04,42.51743587409323,21.53662
2013-10-07,41.898134287132066,21.78533
2013-10-08,40.74289863453092,20.79287
2013-10-09,40.6833504050152,20.08482
2013-10-10,41.505115972328944,20.57867
2013-10-11,42.10059826748465,21.2653
2013-10-14,42.0767789756792,21.38668
2013-10-15,41.32647128378319,21.88886
2013-10-16,41.838586057616354,21.84364
2013-10-17,42.46979729048093,21.753438
2013-10-18,42.743719146252644,21.8246
2013-10-21,42.27924295603179,20.5394
2013-10-22,42.17205614290378,20.41326
2013-10-23,41.74330889039177,19.5755
2013-10-24,42.43406835277207,20.60485
2013-10-25,42.38642976915978,20.18954
2013-10-28,42.63653233312465,19.38034
2013-10-29,42.946183126605234,19.57193
2013-10-30,44.33961169726923,18.94718
2013-10-31,44.00614161198181,19.03286
2013-11-01,44.530166031718394,19.29823
2013-11-04,44.62544319894297,20.8488
2013-11-05,44.17287665462552,21.04039
2013-11-06,43.577394359469814,17.98804
2013-11-07,42.77944808396152,16.632868
2013-11-08,43.66076188079236,16.41605
2013-11-11,43.68458117259781,17.219062
2013-11-12,43.66076188079236,16.398200000000003
2013-11-13,45.78067885154552,16.5053
2013-11-14,45.85213672696326,16.3744
2013-11-15,46.17369716634727,16.11855
2013-11-18,45.93550424828581,14.46802
2013-11-19,45.26856407771097,15.00471
2013-11-20,44.88745540881126,14.41209
2013-11-21,45.3995701826458,14.5299
2013-11-22,44.815997533393514,14.44422
2013-11-25,44.72072036616894,14.37996
2013-11-26,44.863636117005804,14.3395
2013-11-27,46.26897433357185,15.10586
2013-11-29,46.12605858273497,15.14632
2013-12-02,46.57862512705381,14.77623
2013-12-03,45.42338947445126,17.2193
2013-12-04,46.10223929092952,16.53505
2013-12-05,46.554805835246974,16.717119999999998
2013-12-06,47.84104759278297,16.345840000000003
2013-12-09,48.710451743709,16.8504
2013-12-10,48.11496944855468,16.92061
2013-12-11,47.82913794687955,16.61835
2013-12-12,47.69813184194471,17.54893
2013-12-13,47.68622219604268,17.570826
2013-12-16,49.353572622476996,17.60486
2013-12-17,49.460759435605006,18.14274
2013-12-18,49.15110864212442,17.60962
2013-12-19,47.995872989523264,16.74568
2013-12-20,48.817638556837004,17.045560000000002
2013-12-23,49.17492793393126,17.08245
2013-12-24,48.68663245190354,18.01779
2013-12-26,49.448849789701576,18.5045
2013-12-27,48.75809032732129,17.98328
2013-12-30,48.460349179744135,18.14036
2013-12-31,48.674722806000126,17.901051
2014-01-02,56.48899277474229,18.7625
2014-01-03,54.58533441017216,18.695
2014-01-06,55.73028835408132,18.375
2014-01-07,55.454395837476156,18.67
2014-01-08,55.757877605740866,18.91
2014-01-09,55.854439986553324,18.44125
2014-01-10,55.219887198362734,18.2149875
2014-01-13,54.59912903600274,17.4175
2014-01-14,55.206092572532164,20.15875
2014-01-15,54.323236519397575,20.51625
2014-01-16,53.79904073785003,21.37125
2014-01-17,53.24725570464132,21.25125
2014-01-21,52.8885954330559,22.085
2014-01-22,53.52314822124648,22.32
2014-01-23,52.99895243969732,22.6875
2014-01-24,50.80560693269306,21.825
2014-01-27,50.70904455188061,21.2025
2014-01-28,50.7780176810319,22.2975
2014-01-29,50.143464892842935,21.90375
2014-01-30,50.81940155852364,22.855
2014-01-31,49.77100999542694,22.67625
2014-02-03,48.62605605151777,22.13875
2014-02-04,49.41234972384151,22.34125
2014-02-05,48.6122614256888,21.8025
2014-02-06,48.59846679985822,22.2975
2014-02-07,49.81239387291706,23.31625
2014-02-10,48.14324414746035,24.57
2014-02-11,48.62605605151777,24.5775
2014-02-12,49.05368945225448,24.415
2014-02-13,48.55708292236648,24.95375
2014-02-14,49.59167985963422,24.77875
2014-02-18,50.08828638952222,25.4625
2014-02-19,49.702036866275634,24.205
2014-02-20,50.36417890612577,26.24625
2014-02-21,50.61248217106977,26.2
2014-02-24,50.41935740944648,27.20625
2014-02-25,49.79859924708648,31.0
2014-02-26,50.80560693269306,31.625
2014-02-27,50.72283917771119,31.5675
2014-02-28,49.93654550538906,30.60125
2014-03-03,49.95034013121964,31.32
2014-03-04,50.94355319099564,31.855
2014-03-05,51.75743611497732,31.5825
2014-03-06,51.78502536663848,31.6175
2014-03-07,51.991944754090746,30.77625
2014-03-10,51.16426720427848,29.855
2014-03-11,48.529493670706934,29.30125
2014-03-12,48.08806564413964,30.18625
2014-03-13,47.02587945521235,29.72375
2014-03-14,47.43971823012009,28.87125
2014-03-17,48.19118340595629,29.2475
2014-03-18,48.9426485817925,30.005
2014-03-19,48.58083201564824,29.48
2014-03-20,49.06789277776519,29.36375
2014-03-21,48.719992233396404,28.61125
2014-03-24,48.90090051646772,27.52125
2014-03-25,48.02419114465882,27.555
2014-03-26,47.620626513191404,26.62
2014-03-27,48.02419114465882,25.915
2014-03-28,48.33034362370284,26.54625
2014-03-31,47.89894694868612,26.05625
2014-04-01,47.78761877448888,27.12125
2014-04-02,48.53908395032508,28.78625
2014-04-03,49.318381169710584,28.175
2014-04-04,48.4416717979017,26.528125
2014-04-07,47.4675502736694,25.94
2014-04-08,48.05202318820813,26.9325
2014-04-09,46.78566520670567,27.11625
2014-04-10,46.3403525099151,25.52375
2014-04-11,44.43385752677368,25.4725
2014-04-14,45.296650876808734,24.76125
2014-04-15,46.42384864056303,24.23875
2014-04-16,47.27272596882262,24.88875
2014-04-17,47.28664199059808,24.765
2014-04-21,47.28664199059808,25.5475
2014-04-22,47.63454253496687,27.33
2014-04-23,47.85719888336135,25.99875
2014-04-24,47.55104640431733,25.9825
2014-04-25,46.92482542445383,24.98125
2014-04-28,46.98048951155244,24.81375
2014-04-29,47.30055801237193,25.865
2014-04-30,47.982443079334054,25.98625
2014-05-01,48.56691599387439,25.96625
2014-05-02,48.664328146297784,26.36375
2014-05-05,48.358175667253754,27.07625
2014-05-06,48.358175667253754,25.91
2014-05-07,48.80348836404433,25.16875
2014-05-08,48.49733588500031,22.32375
2014-05-09,47.63454253496687,22.7825
2014-05-12,48.455587819675536,23.08375
2014-05-13,48.91481653824318,23.77
2014-05-14,48.62258008097301,23.8275
2014-05-15,47.815450818038194,23.57375
2014-05-16,47.314474034147395,23.945
2014-05-19,47.66237457851618,24.51125
2014-05-20,46.02028400909562,24.4125
2014-05-21,46.563008858311186,24.93125
2014-05-22,46.50734477121096,25.61
2014-05-23,46.79958122848113,25.9125
2014-05-27,47.23097790349785,26.445
2014-05-28,48.13551931885767,26.28
2014-05-29,47.94069501401089,26.28
2014-05-30,48.12160329708221,25.97125
2014-06-02,48.51125190677577,25.5875
2014-06-03,49.06789277776519,25.6175
2014-06-04,50.82131152138299,25.49875
2014-06-05,50.4734109770142,25.8625
2014-06-06,51.28054023995063,26.021375
2014-06-09,51.2103890221119,25.66375
2014-06-10,51.07008658643444,25.2875
2014-06-11,50.67723976653884,25.55875
2014-06-12,49.8354251524773,25.44
2014-06-13,49.98975783172154,25.8025
2014-06-16,50.59305830513333,28.07625
2014-06-17,51.0139656121641,28.95875
2014-06-18,50.92978415075859,28.39
2014-06-19,51.02799585573249,28.47375
2014-06-20,50.8175422022163,28.69875
2014-06-23,51.44890316276326,29.6525
2014-06-24,51.32263097065419,29.0625
2014-06-25,52.03817339260665,29.611375
2014-06-26,51.771598764820126,29.45
2014-06-27,51.37875194492453,29.8825
2014-06-30,50.92978415075859,30.0075
2014-07-01,52.73968557099074,29.965
2014-07-02,52.95013922450693,28.678125
2014-07-03,52.95013922450693,28.65625
2014-07-07,52.52923191747616,27.8325
2014-07-08,52.72565532742396,27.38375
2014-07-09,53.2728348265638,27.8825
2014-07-10,52.96416946807532,27.4325
2014-07-11,53.24477433942862,27.26625
2014-07-14,52.894018250236584,28.3375
2014-07-15,52.72565532742396,27.4475
2014-07-16,52.585352891746496,27.145
2014-07-17,52.052203636173445,26.925
2014-07-18,52.4871411867726,27.5025125
2014-07-21,52.51520167390777,27.5675
2014-07-22,52.9781997116421,27.4475
2014-07-23,52.4871411867726,27.81125
2014-07-24,50.144090510965775,27.9425
2014-07-25,49.20406419193034,27.94625
2014-07-28,48.965550051278974,28.1025
2014-07-29,48.33418909073363,28.12625
2014-07-30,48.137765680785826,28.615
2014-07-31,47.45028374596853,27.9125
2014-08-01,46.91713449039547,29.15875
2014-08-04,47.15564863104522,29.815
2014-08-05,46.80489254185318,29.81125
2014-08-06,46.86101351612352,31.1162625
2014-08-07,46.45413645266114,31.54875
2014-08-08,47.04340668250454,31.01625
2014-08-11,47.42222325883175,32.415
2014-08-12,47.2819208231559,32.495
2014-08-13,47.63267691234794,32.53875
2014-08-14,47.63267691234794,32.6725
2014-08-15,47.4783442331037,32.75125
2014-08-18,48.264037872894896,32.4925
2014-08-19,48.50255201354466,32.095
2014-08-20,48.446431039274316,31.96375
2014-08-21,48.54464274424821,31.7925
2014-08-22,48.039553975811934,32.0975
2014-08-25,48.64285444922211,32.81875
2014-08-26,48.89539883344025,32.7175
2014-08-27,48.69897542349245,32.90625
2014-08-28,48.656884692790506,32.9825
2014-08-29,48.82524761560313,33.7125
2014-09-02,48.82524761560313,35.515
2014-09-03,48.362249577868795,35.14875
2014-09-04,48.58673347495178,35.755
2014-09-05,48.51658225711304,34.67375
2014-09-08,47.05743692607132,35.26375
2014-09-09,46.81677013072269,34.81
2014-09-10,47.12822127764492,35.1375
2014-09-11,47.581241127715955,35.03875
2014-09-12,47.09990753701548,34.9
2014-09-15,47.6095548683454,31.7325
2014-09-16,47.722809830863156,32.5925
2014-09-17,47.92100601526924,32.6725
2014-09-18,48.17582968093421,32.9775
2014-09-19,48.04841784810172,32.415
2014-09-22,47.340574332365726,31.25375
2014-09-23,47.02912318544188,31.30125
2014-09-24,47.63786860897484,31.5175
2014-09-25,46.533632724428294,30.86875
2014-09-26,46.95833883386989,30.825
2014-09-29,45.6134361539731,30.6575
2014-09-30,45.21704378516094,30.335
2014-10-01,45.995671652468936,30.03
2014-10-02,46.97249570418461,31.4275
2014-10-03,47.79359418243676,31.90125
2014-10-06,47.77943731212204,32.5775
2014-10-07,44.9763769898107,32.44625
2014-10-08,45.55680867271422,32.41
2014-10-09,43.928768586523034,32.12625
2014-10-10,42.88116018323536,29.61375
2014-10-13,42.17331666749936,28.07375
2014-10-14,42.6263365175704,28.3825
2014-10-15,42.03174796435216,28.7125
2014-10-16,42.38566972222015,28.29375
2014-10-17,42.810375831661766,28.435
2014-10-20,42.95194453480896,28.80875
2014-10-21,43.65978805054335,29.4175
2014-10-22,44.32516095533519,28.8875
2014-10-23,43.787199883375834,29.41125
2014-10-24,42.52723842536736,29.405
2014-10-27,42.583865906626244,27.70875
2014-10-28,44.126964770929106,30.34625
2014-10-29,43.48990560676672,29.7625
2014-10-30,43.574846828655026,29.8325
2014-10-31,44.45257278816606,30.2125
2014-11-03,44.14112164124383,30.32375
2014-11-04,43.63147430991391,29.86625
2014-11-05,43.50406247708143,28.87125
2014-11-06,44.4101021772219,30.1525
2014-11-07,44.72155332414574,30.025
2014-11-10,44.056180419355506,30.24125
2014-11-11,44.38178843659246,31.385
2014-11-12,44.4808865287955,31.1375
2014-11-13,44.80649454603406,31.4625
2014-11-14,45.00469073044014,32.335
2014-11-17,45.74084798680397,31.7475
2014-11-18,45.6842205055467,32.2125
2014-11-19,45.51433806177007,30.9675
2014-11-20,45.486024321140626,31.08875
2014-11-21,45.486024321140626,30.3475
2014-11-24,45.57096554302894,30.84
2014-11-25,45.62759302428782,31.01125
2014-11-26,45.401083099252304,31.055
2014-11-28,47.326417462051005,30.565
2014-12-01,46.63273081663133,28.955
2014-12-02,47.08575066670076,28.92875
2014-12-03,47.62371173866012,28.6625
2014-12-04,46.845083871352124,28.535
2014-12-05,48.034260977787,27.96375
2014-12-08,46.68935829789021,26.795
2014-12-09,46.87508707936782,27.11125
2014-12-10,45.67499341442814,26.23
2014-12-11,45.98930366000873,26.11
2014-12-12,45.10352024064803,25.875
2014-12-15,44.28917096801085,25.505
2014-12-16,43.90342657570835,24.72625
2014-12-17,44.503473408178195,25.7275
2014-12-18,45.36068316884916,27.2825
2014-12-19,46.87508707936782,27.41125
2014-12-22,47.47513391183765,27.825
2014-12-23,47.94659928020774,27.62125
2014-12-24,47.760870498728515,27.7825
2014-12-26,48.18947537906481,28.4775
2014-12-29,49.43242953203828,28.21375
2014-12-30,50.13248416991976,27.77875
2014-12-31,49.875321241717025,27.80125
2015-01-02,49.156986561320224,28.07168
2015-01-05,48.43740954793782,26.89152
2015-01-06,49.17109591452495,27.04384
2015-01-07,50.56792188168033,27.0016
2015-01-08,51.07585859700927,26.95872
2015-01-09,50.2151880515907,26.45248
2015-01-12,50.56792188168033,25.88288
2015-01-13,49.73547004266804,26.144
2015-01-14,48.39508148832681,24.66432
2015-01-15,47.167567759613874,24.55936
2015-01-16,47.52030158970351,24.71296
2015-01-20,47.87303541979313,24.56704
2015-01-21,47.816598006978985,25.16096
2015-01-22,47.717832534553835,25.80736
2015-01-23,47.61906706212867,25.76512
2015-01-26,47.548520296111384,26.4384
2015-01-27,47.15345840641074,26.36544
2015-01-28,46.335115920601595,25.51936
2015-01-29,46.78661522311638,26.2656
2015-01-30,46.02471015012297,26.0608
2015-02-02,46.71606845709909,27.00032
2015-02-03,47.94358218581202,27.95008
2015-02-04,50.55381252847719,27.9744
2015-02-05,51.14640536302815,28.28672
2015-02-06,50.793671532938525,27.82208
2015-02-09,50.793671532938525,27.83744
2015-02-10,52.93829321988417,27.68512
2015-02-11,53.14993351793762,27.2384
2015-02-12,53.64376088006343,25.96864
2015-02-13,53.07938675192033,26.08256
2015-02-17,52.54323133018353,26.1568
2015-02-18,52.47268456416465,26.17088
2015-02-19,52.924183866681034,27.09824
2015-02-20,53.121714811531355,27.79008
2015-02-23,53.1781522243455,26.53888
2015-02-24,53.262808343565936,26.12608
2015-02-25,53.41801122880683,26.08128
2015-02-26,52.99473063269833,26.52032
2015-02-27,52.64199680260869,26.02752
2015-03-02,53.065277398715615,25.2576
2015-03-03,53.33335510958481,25.54368
2015-03-04,53.00883998590147,25.91168
2015-03-05,53.065277398715615,25.68064
2015-03-06,51.978857202038846,24.81664
2015-03-09,53.55910476084141,24.43264
2015-03-10,53.402665527606054,24.36096
2015-03-11,53.729765742554584,24.79872
2015-03-12,54.654179393498396,24.45696
2015-03-13,54.11375295140801,24.15104
2015-03-16,54.86750562064025,25.0496
2015-03-17,54.45507491483436,24.92544
2015-03-18,54.75373163283042,25.69088
2015-03-19,54.967057859972286,25.0432
2015-03-20,55.279936326446155,25.35424
2015-03-23,54.88172736911649,25.55264
2015-03-24,53.829317981886604,25.82016
2015-03-25,53.160895803511735,24.8704
2015-03-26,53.11823055808464,24.37184
2015-03-27,53.061343564179715,23.68
2015-03-30,53.58754825779388,24.39296
2015-03-31,53.331556785224905,24.16256
2015-04-01,52.25070390104414,24.01152
2015-04-02,51.9093819376194,24.448
2015-04-06,52.136929913235896,25.9968
2015-04-07,50.81430730496241,26.016
2015-04-08,51.35473374705279,26.58176
2015-04-09,51.61072521962175,26.89152
2015-04-10,52.00893417695141,26.9952
2015-04-13,51.76716445285869,26.85184
2015-04-14,51.88093844066694,26.55488
2015-04-15,52.53513887056557,26.60224
2015-04-16,52.7342433492312,26.4576
2015-04-17,52.10848641628344,26.46912
2015-04-20,52.7769085946583,26.27456
2015-04-21,52.84801733703945,26.80448
2015-04-22,52.84801733703945,28.08832
2015-04-23,51.0845205260076,27.9808
2015-04-24,50.61520282629837,27.9584
2015-04-27,50.88541604734356,29.6384
2015-04-28,50.800085556486174,29.50144
2015-04-29,50.501428838488536,29.7536
2015-04-30,49.86145015706613,28.9344
2015-05-01,50.373433102204054,28.93184
2015-05-04,50.34498960525318,29.50528
2015-05-05,49.790341414686566,29.8176
2015-05-06,49.449019451260234,29.49504
2015-05-07,49.60545868449717,30.3104
2015-05-08,50.23121561744335,30.28608
2015-05-11,50.08899813268422,30.65472
2015-05-12,49.40635420583313,31.32672
2015-05-13,49.49168469668892,31.12704
2015-05-14,49.27835846954865,31.2448
2015-05-15,49.64812392992586,31.85152
2015-05-18,49.8472284085899,31.84
2015-05-19,49.94678064792352,31.63392
2015-05-20,49.804563163162804,31.2768
2015-05-21,50.600981077822134,31.43936
2015-05-22,50.771642059533725,31.70944
2015-05-26,50.51565058696476,31.67424
2015-05-27,50.92808129277066,31.67104
2015-05-28,51.75294270438246,32.1856
2015-05-29,51.15562926838876,32.1024
2015-06-01,51.45428598638481,31.9296
2015-06-02,51.51117298028973,31.7888
2015-06-03,51.11296402296007,31.87072
2015-06-04,50.54409408391722,31.47776
2015-06-05,49.94678064792352,31.88992
2015-06-08,50.27388086287203,32.80512
2015-06-09,50.661818783220966,32.768
2015-06-10,51.135965130312336,32.0896
2015-06-11,51.07849284581631,32.18048
2015-06-12,51.308381983800395,32.08832
2015-06-15,50.94918020569946,32.04864
2015-06-16,51.16470127256034,32.39936
2015-06-17,51.452062695040446,33.332480000000004
2015-06-18,52.01241746887584,33.52192
2015-06-19,51.883104828760594,33.60128
2015-06-22,51.99804939775263,33.25312
2015-06-23,52.15609818011589,34.26176
2015-06-24,50.518138071980914,33.94176
2015-06-25,49.85720680027668,34.40512
2015-06-26,49.397428524308516,34.18752
2015-06-29,47.74510034504875,33.53856
2015-06-30,47.888781056288785,34.33728
2015-07-01,47.472106993691845,34.4512
2015-07-02,47.74510034504875,35.84256
2015-07-06,46.911752219856446,35.80416
2015-07-07,47.213481713459764,34.28864
2015-07-08,44.814013835753315,32.63488
2015-07-09,44.55538855552122,33.013760000000005
2015-07-10,45.11574332935662,33.1712
2015-07-13,45.51804932082876,33.55648
2015-07-14,45.64736196094402,34.0032
2015-07-15,45.158847542727834,33.68192
2015-07-16,43.98066571056102,34.13504
2015-07-17,44.038137995057035,35.15648
2015-07-20,43.82261692819617,36.12928
2015-07-21,43.66456814583291,34.146559999999994
2015-07-22,43.53525550571607,34.28736
2015-07-23,45.25942404059667,34.2016
2015-07-24,44.62722891114045,33.972480000000004
2015-07-27,44.61286084001724,32.38528
2015-07-28,45.00079876036458,33.89696
2015-07-29,45.9059872411761,33.76896
2015-07-30,45.848514956680084,34.14912
2015-07-31,45.27379211171988,34.0672
2015-08-03,45.51804932082876,33.27872
2015-08-04,45.28816018284468,34.083839999999995
2015-08-05,45.403104751836715,34.57664
2015-08-06,45.77667460106085,31.50464
2015-08-07,45.604257747572795,31.04128
2015-08-10,45.891619170052884,30.86592
2015-08-11,44.29676327528913,30.38336
2015-08-12,44.354235559785145,30.48576
2015-08-13,44.62722891114045,31.04128
2015-08-14,45.24505596947187,31.1232
2015-08-17,45.41747282295993,32.63872
2015-08-18,45.56115353419998,33.37216
2015-08-19,45.44620896520794,32.672
2015-08-20,44.31113134641234,30.99904
2015-08-21,42.52949052703732,29.53856
2015-08-24,39.94323772471641,28.01536
2015-08-25,39.19609802626974,28.16384
2015-08-26,40.37427985843656,28.77952
2015-08-27,41.0639472723888,31.10272
2015-08-28,41.66740625959701,31.80544
2015-08-31,42.29960138905323,31.87968
2015-09-01,41.150155699132824,30.54464
2015-09-02,41.96913575320032,31.70432
2015-09-03,41.825455041960275,31.43296
2015-09-04,41.49498940610895,30.96704
2015-09-08,42.93179651850945,31.76576
2015-09-09,42.558226669285325,31.86048
2015-09-10,43.621463932460095,31.80544
2015-09-11,43.83957125212248,32.03072
2015-09-14,44.66837906684017,32.40832
2015-09-15,45.06097224223149,32.45696
2015-09-16,45.36632248975914,33.568
2015-09-17,45.52626785751081,33.54496
2015-09-18,44.36302881931251,33.35936
2015-09-21,44.52297418706418,33.8176
2015-09-22,43.66508539639353,33.40032
2015-09-23,43.21433026909149,33.41568
2015-09-24,42.80719660572129,33.67936
2015-09-25,42.76357514178945,32.88448
2015-09-28,41.527633663703156,31.79904
2015-09-29,42.38552245437381,31.5712
2015-09-30,43.65054490841625,31.7952
2015-10-01,44.59567662695217,30.70464
2015-10-02,46.13696835256611,31.68896
2015-10-05,46.18058981649795,31.5072
2015-10-06,46.849452263462375,30.90688
2015-10-07,48.0563127655941,29.69088
2015-10-08,48.608851308738686,29.02016
2015-10-09,47.91090788581971,28.24832
2015-10-12,48.01269130166225,27.59424
2015-10-13,48.17263666941393,28.064
2015-10-14,48.4634464289643,27.76064
2015-10-15,48.448905940987025,28.32768
2015-10-16,48.20171764536849,29.05728
2015-10-19,48.33258203716719,29.1968
2015-10-20,48.681553748626676,27.26784
2015-10-21,51.50240841625875,26.89152
2015-10-22,51.50240841625875,27.10016
2015-10-23,52.27305427906572,26.76352
2015-10-26,51.865920615695515,27.55328
2015-10-27,50.84808645727161,26.9248
2015-10-28,51.21159865670838,27.25888
2015-10-29,50.52819572176668,27.08864
2015-10-30,50.760843529406344,26.48704
2015-11-02,51.720515735921126,27.36512
2015-11-03,52.02586598344878,26.6688
2015-11-04,51.50240841625875,29.64864
2015-11-05,51.53148939221331,29.66656
2015-11-06,51.98224451951534,29.74208
2015-11-09,51.865920615695515,28.84224
2015-11-10,51.79321817580912,27.712
2015-11-11,51.69143475996657,28.04224
2015-11-12,51.02257231300215,27.25632
2015-11-13,49.888414250756824,26.52032
2015-11-16,51.13889621682198,27.43168
2015-11-17,51.197058168731104,27.392
2015-11-18,53.01461916591654,28.29696
2015-11-19,52.549323550637226,28.3904
2015-11-20,52.84013331018758,28.16128
2015-11-23,52.46208062277354,27.872
2015-11-24,52.66564745445705,27.936
2015-11-25,52.84013331018758,29.39392
2015-11-27,52.88375477411943,29.64608
2015-11-30,52.636566478502495,29.47328
2015-12-01,52.72380940636777,30.36032
2015-12-02,51.953163543560784,29.69472
2015-12-03,51.575110856146736,29.78688
2015-12-04,52.70926891839048,29.48864
2015-12-07,52.53478306265993,29.58464
2015-12-08,51.58965134412402,29.02016
2015-12-09,51.546029880190595,28.73856
2015-12-10,51.8077586637864,29.06496
2015-12-11,50.2373859622179,27.77856
2015-12-14,50.00473815457824,27.97824
2015-12-15,50.22284547423903,28.29952
2015-12-16,51.618732320078585,30.01728
2015-12-17,50.10571882293273,29.87392
2015-12-18,49.45938296007471,29.49888
2015-12-21,49.69441418293275,29.76768
2015-12-22,50.37012894864882,29.4336
2015-12-23,51.08991206864958,29.4016
2015-12-24,50.825501942935084,29.51296
2015-12-28,50.69329688007784,29.3056
2015-12-29,50.67860742864801,30.36032
2015-12-30,50.42888675436174,30.47552
2015-12-31,49.95882430864725,30.72128
2016-01-04,47.39186576812226,32.17104
2016-01-05,46.13984409667402,32.17392
2016-01-06,44.48945189340036,31.54176
2016-01-07,42.668329462203054,31.0536
2016-01-08,42.01386358849218,30.384
2016-01-11,43.038244956040174,29.9304
2016-01-12,43.10938255100862,30.23568
2016-01-13,43.37970541189054,28.84464
2016-01-14,43.10938255100862,29.68992
2016-01-15,42.07077366446724,29.51856
2016-01-19,41.828905841573615,29.47968
2016-01-20,41.85736087956038,28.6128
2016-01-21,42.042318626478945,28.79568
2016-01-22,41.65817561364844,29.1672
2016-01-25,41.58703801868,28.27872
2016-01-26,42.18459381641582,27.87264
2016-01-27,41.5585829806917,27.08208
2016-01-28,41.28826011981132,27.3168
2016-01-29,42.17036629742244,27.5328
2016-02-01,42.839059690128245,28.35936
2016-02-02,42.18459381641582,26.32032
2016-02-03,41.145984929874444,24.98112
2016-02-04,40.747614398049016,25.24752
2016-02-05,40.605339208112134,23.4144
2016-02-08,40.80452447402408,21.31056
2016-02-09,39.65209543553259,21.348
2016-02-10,39.42445513163234,20.68848
2016-02-11,38.272026093139296,21.66768
2016-02-12,39.42445513163234,21.74976
2016-02-16,40.6622492840872,22.34448
2016-02-17,41.64394809465506,24.28992
2016-02-18,41.302487638804706,24.01488
2016-02-19,40.94679966396096,23.98752
2016-02-22,42.15613877842906,25.59456
2016-02-23,41.80045080358532,25.51824
2016-02-24,41.03216477792432,25.776
2016-02-25,41.9711810315105,26.98992
2016-02-26,42.15613877842906,27.40896
2016-02-29,41.88581591754868,27.63792
2016-03-01,42.69678450019136,26.8344
2016-03-02,42.8959697661033,27.12096
2016-03-03,44.2049015135266,28.18656
2016-03-04,44.631727083338774,28.94976
2016-03-07,44.944732501200846,29.56176
2016-03-08,43.65002827277092,29.1744
2016-03-09,43.99148872861974,30.05568
2016-03-10,44.39481606470526,29.54592
2016-03-11,45.02861616426558,29.88
2016-03-14,44.91337978252664,30.9816
2016-03-15,44.72612066220298,31.44096
2016-03-16,45.64801171610988,31.95792
2016-03-17,46.03693450447631,32.59872
2016-03-18,46.03693450447631,33.51456
2016-03-21,46.20978907708394,34.31808
2016-03-22,45.950507218172476,33.73056
2016-03-23,45.100638902851834,32.05152
2016-03-24,44.59647973274648,32.796
2016-03-28,44.6829070190503,33.15744
2016-03-29,44.9277843302442,33.13872
2016-03-30,44.639693375899164,32.67216
2016-03-31,45.27349347545948,33.08688
2016-04-01,43.8906568945999,34.21296
2016-04-04,43.06959767471284,35.56656
2016-04-05,42.63746124319528,36.78768
2016-04-06,43.12721586558308,38.22048
2016-04-07,42.37817938428382,37.0368
2016-04-08,42.30615664569756,36.01008
2016-04-11,42.5366294091739,35.98848
2016-04-12,42.795911268085355,35.68608
2016-04-13,44.337197873835024,36.65232
2016-04-14,44.2507705875312,36.26784
2016-04-15,44.02029782405486,36.64944
2016-04-18,45.100638902851834,36.55872
2016-04-19,46.05133905219385,35.62128
2016-04-20,46.36823910197402,35.99568
2016-04-21,47.04525284468702,35.75376
2016-04-22,46.353834554256466,36.54
2016-04-25,46.022529956758746,36.26208
2016-04-26,46.36823910197402,36.53856
2016-04-27,46.32502545882288,36.21168
2016-04-28,46.72835279490686,35.67024
2016-04-29,45.806461740999964,34.66944
2016-05-02,45.7344390024137,34.8192
2016-05-03,45.01421161654802,33.45408
2016-05-04,44.06351146720754,32.04864
2016-05-05,43.99148872861974,30.46032
2016-05-06,44.59647973274648,30.94992
2016-05-09,44.337197873835024,30.08448
2016-05-10,45.158257093722085,30.05136
2016-05-11,44.76933430535412,30.09024
2016-05-12,44.91337978252664,29.84832
2016-05-13,43.962679633186156,29.895840000000003
2016-05-16,44.17874784894494,29.99376
2016-05-17,44.12112965807624,29.47104
2016-05-18,44.293984230683876,30.40848
2016-05-19,43.67458867883958,30.99024
2016-05-20,44.034702371772426,31.72032
2016-05-23,44.06351146720754,31.13568
2016-05-24,44.72612066220298,31.37904
2016-05-25,45.59039352523964,31.61952
2016-05-26,45.07182980741826,32.41728
2016-05-27,45.21587528459078,32.11776
2016-05-31,45.0574252597007,32.14512
2016-06-01,43.53054320166706,31.61664
2016-06-02,43.58816139253576,31.53024
2016-06-03,42.63746124319528,31.53456
2016-06-06,43.199238604169345,31.77792
2016-06-07,43.54494774938462,33.45696
2016-06-08,43.141620413300636,33.91488
2016-06-09,42.83523758317496,33.027840000000005
2016-06-10,42.397547825853216,31.50576
2016-06-13,42.426727143007895,31.37328
2016-06-14,42.061985678574395,30.95424
2016-06-15,42.105754654306416,31.3488
2016-06-16,42.33918919154386,31.38192
2016-06-17,42.64557202166954,31.02768
2016-06-20,43.25833768191936,31.6368
2016-06-21,43.05408246183506,31.623840000000005
2016-06-22,42.7768789488656,28.31904
2016-06-23,43.506361877734136,28.2816
2016-06-24,41.361682066860546,27.8136
2016-06-27,40.136150746360904,28.5912
2016-06-28,40.471712893639726,29.05776
2016-06-29,41.09906821246688,30.26736
2016-06-30,41.28873377397384,30.56832
2016-07-01,42.149523630038445,31.176
2016-07-05,41.09906821246688,30.81312
2016-07-06,41.43463035974724,30.87936
2016-07-07,41.930678751378345,31.09536
2016-07-08,43.27292734049671,31.21632
2016-07-11,43.95864129363323,32.36832
2016-07-12,44.644355246769734,32.3496
2016-07-13,44.68812422250176,32.04432
2016-07-14,44.87778978400718,31.90032
2016-07-15,44.89237944258452,31.7376
2016-07-18,45.03827602835946,32.58
2016-07-19,45.59268305429838,32.43744
2016-07-20,45.942834860156076,32.883840000000006
2016-07-21,46.730676423333975,31.752
2016-07-22,46.920341984840945,32.00688
2016-07-25,46.774445399066,33.12144
2016-07-26,46.9057523262636,33.04944
2016-07-27,46.71608676475664,32.90256
2016-07-28,45.213351931287534,33.207840000000004
2016-07-29,46.01578315304278,33.80976
2016-08-01,45.665631347186626,33.12144
2016-08-02,43.666848122084886,32.7168
2016-08-03,44.11912753798396,32.51376
2016-08-04,44.265024123757364,33.207840000000004
2016-08-05,44.93614841831654,33.12432
2016-08-08,45.052865686936805,32.56704
2016-08-09,45.330069199906255,32.98752
2016-08-10,45.59268305429838,32.4936
2016-08-11,46.32216598316846,32.38704
2016-08-12,46.059552128774804,32.487840000000006
2016-08-15,46.482652227519196,32.48496
2016-08-16,46.2638073488591,32.19984
2016-08-17,46.46806256894185,32.14656
2016-08-18,46.030372811620126,32.18544
2016-08-19,46.438883251787175,32.4
2016-08-22,46.49724188609653,32.10192
2016-08-23,46.54101086182856,32.37696
2016-08-24,46.36593495890048,32.05728
2016-08-25,46.01578315304278,31.81824
2016-08-26,46.00119349446544,31.67856
2016-08-29,46.409703934632496,30.9888
2016-08-30,46.205448714548204,30.43296
2016-08-31,46.570190178983246,30.52944
2016-09-01,46.39511427605516,28.91088
2016-09-02,46.920341984840945,28.48032
2016-09-06,46.86198335053004,29.20752
2016-09-07,47.08082822919168,29.04624
2016-09-08,46.81508507832156,28.419840000000004
2016-09-09,44.9991735473742,28.00368
2016-09-12,46.032619134092364,28.5552
2016-09-13,45.678294932930655,28.2312
2016-09-14,45.3387342401532,28.28304
2016-09-15,45.944038083802326,28.86048
2016-09-16,45.722585458075685,29.5776
2016-09-19,46.829848586702724,29.71296
2016-09-20,46.72650402803152,29.468159999999997
2016-09-21,47.405625413587984,29.55168
2016-09-22,47.81900364827587,29.72592
2016-09-23,47.420388921970684,29.8728
2016-09-26,46.94795665375662,30.09456
2016-09-27,46.65268648612264,29.63664
2016-09-28,47.09559173757284,29.70288
2016-09-29,46.47552438554256,28.9008
2016-09-30,46.9036661286116,29.38032
2016-10-03,47.30228085491678,30.7728
2016-10-04,47.49420646387802,30.44304
2016-10-05,48.2471453913449,30.01824
2016-10-06,48.0256927656198,28.944
2016-10-07,47.74518610636698,28.311840000000004
2016-10-10,47.4646794471157,28.9368
2016-10-11,47.08082822919168,28.8144
2016-10-12,46.77079455317654,29.01744
2016-10-13,46.51981491068758,28.83456
2016-10-14,47.051301212427816,28.29744
2016-10-17,46.59363245259646,27.93024
2016-10-18,46.35741631848866,28.6704
2016-10-19,47.021774195663966,29.31264
2016-10-20,46.87413911184774,28.6704
2016-10-21,47.30228085491678,28.81296
2016-10-24,48.6900506427951,29.19744
2016-10-25,46.65268648612264,29.13696
2016-10-26,46.62315946935878,29.12256
2016-10-27,46.25407175981746,29.37744
2016-10-28,46.239308251434764,28.79568
2016-10-31,46.65268648612264,28.47312
2016-11-01,46.47552438554256,27.47376
2016-11-02,46.43123386039754,27.07488
2016-11-03,45.87022054189344,26.98848
2016-11-04,46.0030921173285,27.44064
2016-11-07,47.27275383815292,27.82224
2016-11-08,46.844612095083875,28.07136
2016-11-09,45.70782194969452,27.36864
2016-11-10,48.32096293325223,26.6904
2016-11-11,50.225455514489646,27.15264
2016-11-14,49.1329558942453,26.1288
2016-11-15,49.3544085199704,26.46288
2016-11-16,49.05913835233642,26.48592
2016-11-17,49.33964501158924,27.16704
2016-11-18,48.71957765955896,26.64288
2016-11-21,48.73434116794012,26.57088
2016-11-22,49.915421838474494,27.52848
2016-11-23,49.989239380383374,27.812159999999995
2016-11-25,50.56501620726864,28.3176
2016-11-28,50.26974603963466,28.24128
2016-11-29,51.037448475482705,27.29808
2016-11-30,50.97839444195652,27.2736
2016-12-01,53.78346103447548,26.19072
2016-12-02,52.2775831795448,26.13168
2016-12-05,52.144711604109744,26.8992
2016-12-06,52.338724555126234,26.7624
2016-12-07,54.17438555320947,27.8136
2016-12-08,54.35347443107275,27.68976
2016-12-09,56.20405950231071,27.67392
2016-12-12,55.3683114056226,27.70992
2016-12-13,55.756337307657134,28.5336
2016-12-14,53.652042992779,28.61136
2016-12-15,54.084841114279364,28.45152
2016-12-16,54.27885406529586,29.15856
2016-12-19,54.32362628476168,29.19312
2016-12-20,54.63703182101934,30.06576
2016-12-21,54.35347443107275,29.9088
2016-12-22,53.264017090746,30.0168
2016-12-23,53.264017090746,30.72096
2016-12-27,53.040155993418445,31.61232
2016-12-28,52.4581171403674,31.64256
2016-12-29,52.44319306721264,30.91392
2016-12-30,51.99547087255752,30.77136
2017-01-03,51.095568643214996,35.15238
2017-01-04,53.915637012143996,36.77238
2017-01-05,52.898086569747,36.7335
2017-01-06,52.3166291740905,37.09962
2017-01-09,52.345702043874,37.46736
2017-01-10,54.293584319318995,37.23894
2017-01-11,55.165770412803,37.21626
2017-01-12,54.526167277580996,37.19358
2017-01-13,54.279047884427996,38.5155
2017-01-17,54.23543857975349,38.16396
2017-01-18,54.46802153801549,38.61432
2017-01-19,54.22090214486249,39.48912
2017-01-20,53.799345533012996,39.64626
2017-01-23,53.27603387692201,40.32504
2017-01-24,53.784809098120505,41.24682
2017-01-25,55.645472764218,41.22414
2017-01-26,54.540703712473494,40.90662
2017-01-27,53.799345533012996,40.9779
2017-01-30,52.810867960398,40.60206
2017-01-31,53.2178881373565,40.81266
2017-02-01,52.5346756974615,40.37688
2017-02-02,51.9386818669155,40.7511
2017-02-03,52.810867960398,40.71546
2017-02-06,53.537689704967505,41.75874
2017-02-07,51.0228864687585,41.71176
2017-02-08,51.081032208324,42.45696
2017-02-09,50.993813598974995,43.6104
2017-02-10,51.12464151299851,43.61526
2017-02-13,51.63341673419551,45.4572
2017-02-14,54.133683535515,45.51876
2017-02-15,53.901100577251505,45.32112
2017-02-16,53.828418402794995,43.5699
2017-02-17,54.1046106657315,44.10126
2017-02-21,54.962260324323,44.93718
2017-02-22,55.005869628997495,44.30862
2017-02-23,54.148219970406,41.47038
2017-02-24,53.6394447492075,41.634
2017-02-27,54.177292840187995,39.88926
2017-02-28,53.552226139858504,40.49838
2017-03-01,54.409875798449995,40.50324
2017-03-02,54.8895781498665,40.57776
2017-03-03,55.572790589761496,40.75434
2017-03-06,55.107624673237495,40.69602
2017-03-07,54.540703712473494,40.27158
2017-03-08,54.729677366061,39.99294
2017-03-09,54.08355292170749,39.6738
2017-03-10,54.08355292170749,39.47778
2017-03-13,54.142291507557,39.87954
2017-03-14,54.274453325721,41.796
2017-03-15,54.465353729734495,41.42826
2017-03-16,54.45066908327251,42.4521
2017-03-17,53.3493205985775,42.363
2017-03-20,52.43887251789751,42.43104
2017-03-21,50.735453528238,40.61016
2017-03-22,50.500499184835505,41.31162
2017-03-23,50.309598780822,41.27436
2017-03-24,50.750138174700005,42.63192000000001
2017-03-27,50.970407871639,43.77564000000001
2017-03-28,52.2186028209585,44.9469
2017-03-29,52.189233528033,44.93556
2017-03-30,51.9983331240195,45.02304
2017-03-31,51.924909891706506,45.0846
2017-04-03,50.1774369626595,48.36024
2017-04-04,50.3242834272855,49.1994
2017-04-05,49.927797972795,47.79
2017-04-06,50.16275231619599,48.3894
2017-04-07,49.5019432253805,49.01148
2017-04-10,49.8837440334075,50.60718
2017-04-11,49.810320801094505,50.01102
2017-04-12,49.83969009402,48.08807999999999
2017-04-13,49.032034538577,49.248
2017-04-17,49.780951508169004,48.83328
2017-04-18,49.472573932455,48.6405
2017-04-19,49.619420397081,49.49424
2017-04-20,50.07464443742101,49.00662
2017-04-21,49.560681811230005,49.5072
2017-04-24,49.7956361546325,49.900859999999994
2017-04-25,49.91311332633301,50.83398
2017-04-26,50.485814538373496,50.24754
2017-04-27,50.720768881774504,49.99401
2017-04-28,50.8676153464005,50.868405
2017-05-01,50.221490902046995,52.29846
2017-05-02,48.7530262557885,51.66018
2017-05-03,49.164196356741,50.34393
2017-05-04,48.6796030234755,47.86452
2017-05-05,49.5900511041555,49.9527
2017-05-08,49.8837440334075,49.734
2017-05-09,50.309598780822,52.0601904
2017-05-10,50.265544841434505,52.68564000000001
2017-05-11,50.089329083882994,52.3422
2017-05-12,49.3697814072165,52.61922
2017-05-15,49.6634743364685,51.17256
2017-05-16,49.076088477964504,51.35562
2017-05-17,47.607623831706,49.58982
2017-05-18,47.681047064019005,50.71572
2017-05-19,48.048163225584,50.35446
2017-05-22,48.341856154836,50.2767
2017-05-23,48.78239554871401,49.22532
2017-05-24,48.7530262557885,50.25564000000001
2017-05-25,47.8719474680325,51.32646
2017-05-26,48.562125851775,52.67268
2017-05-30,49.237619589054,54.2862
2017-05-31,49.82500544755649,55.24362
2017-06-01,50.55923777068651,55.13994
2017-06-02,50.588607063611995,55.0557
2017-06-05,50.603291710074,56.26584
2017-06-06,50.55923777068651,57.1617
2017-06-07,50.985092518101006,58.2633
2017-06-08,50.643608205953996,59.94
2017-06-09,50.985092518101006,57.88584
2017-06-12,51.48989541432,58.15962
2017-06-13,51.237493966210494,60.9039
2017-06-14,51.385965406275,61.666920000000005
2017-06-15,51.371118262269,60.80507999999999
2017-06-16,50.9108567980695,60.1668
2017-06-19,50.999939662108495,59.9076
2017-06-20,51.074175382140005,60.30288
2017-06-21,50.673302493966,60.9768
2017-06-22,50.762385358005005,61.98282
2017-06-23,50.777232502011,62.1189
2017-06-26,51.2523411102165,61.15338
2017-06-27,50.79207964601701,58.70394
2017-06-28,51.3414239742555,60.14088
2017-06-29,51.7571440064355,58.4415
2017-06-30,51.86107401448051,58.58082
2017-07-03,52.811291230893,57.12444
2017-07-05,51.979851166533,52.98857999999999
2017-07-06,51.771991150443,50.04018
2017-07-07,51.875921158488,50.74164000000001
2017-07-10,52.247099758648496,51.2001
2017-07-11,52.5588897827835,53.009640000000005
2017-07-12,52.70736122284801,53.38224
2017-07-13,53.24185840707899,52.39242000000001
2017-07-14,53.9693684633955,53.100359999999995
2017-07-17,54.013909895415004,51.77034
2017-07-18,54.08814561544649,53.17488
2017-07-19,54.147534191472005,52.69212
2017-07-20,54.058451327433,53.44704
2017-07-21,53.5536484312155,53.2008
2017-07-24,53.182469831053496,55.48824
2017-07-25,52.811291230893,55.0152
2017-07-26,52.8855269509245,55.7037
2017-07-27,53.360635559131495,54.18252
2017-07-28,53.108234111022,54.28134
2017-07-31,53.42002413515701,52.40214000000001
2017-08-01,51.608672566371006,51.77034
2017-08-02,51.697755430410005,52.79418
2017-08-03,51.6235197103785,56.228579999999994
2017-08-04,52.365876910699505,57.81942000000001
2017-08-07,52.410418342719005,57.53754
2017-08-08,52.544042638777505,59.16564000000001
2017-08-09,52.380724054707,58.89105
2017-08-10,51.786838294449005,57.53106
2017-08-11,51.86107401448051,57.94982999999999
2017-08-14,52.6628197908285,58.9356
2017-08-15,52.766749798873505,58.69746
2017-08-16,53.078539823008505,58.79142000000001
2017-08-17,51.9650040225255,57.01104
2017-08-18,51.712602574416,56.28852
2017-08-21,51.8313797264685,54.73332
2017-08-22,52.410418342719005,55.2987
2017-08-23,52.692514078842,57.14874
2017-08-24,52.737055510861495,57.17466
2017-08-25,52.855832662912505,56.3841
2017-08-28,52.722208366854005,55.99692000000001
2017-08-29,52.737055510861495,56.27232
2017-08-30,53.182469831053496,57.21516
2017-08-31,54.251464199516995,57.6558
2017-09-01,55.468930008045,57.5748
2017-09-05,55.275917135960995,56.633579999999995
2017-09-06,55.929191472244504,55.81385999999999
2017-09-07,55.364999999999995,56.79882
2017-09-08,55.5,55.6308
2017-09-11,56.025,58.91778
2017-09-12,56.835,58.7655
2017-09-13,57.315,59.32926
2017-09-14,58.185,61.17768
2017-09-15,58.32000000000001,61.52922
2017-09-18,57.885000000000005,62.37
2017-09-19,58.050000000000004,60.7662
2017-09-20,58.32000000000001,60.573420000000006
2017-09-21,58.65,59.36976
2017-09-22,59.13,56.87657999999999
2017-09-25,60.449999999999996,55.88838
2017-09-26,60.39,55.9305
2017-09-27,60.87,55.23714000000001
2017-09-28,60.87,55.0152
2017-09-29,60.57000000000001,55.2582
2017-10-02,63.225,55.327859999999994
2017-10-03,65.17500000000001,56.39868
2017-10-04,65.67,57.51162
2017-10-05,65.775,57.56346
2017-10-06,67.395,57.81456
2017-10-09,67.995,55.55628
2017-10-10,67.815,57.60557999999999
2017-10-11,68.205,57.4452
2017-10-12,67.335,57.62016
2017-10-13,68.82,57.60234
2017-10-16,68.64,56.7972
2017-10-17,67.53,57.6315
2017-10-18,67.67999999999999,58.2633
2017-10-19,68.025,56.99322
2017-10-20,68.415,55.9062
2017-10-23,67.725,54.59724
2017-10-24,69.72,54.64907999999999
2017-10-25,67.69500000000001,52.78607999999999
2017-10-26,67.875,52.83954
2017-10-27,66.96,51.98094
2017-10-30,65.05499999999999,51.85296
2017-10-31,64.47,53.70785999999999
2017-11-01,64.69500000000001,52.01496
2017-11-02,63.9,48.48012
2017-11-03,63.510000000000005,49.58657999999999
2017-11-06,63.21,49.05035999999999
2017-11-07,62.550000000000004,49.5801
2017-11-09,63.165,49.08438
2017-11-10,63.989999999999995,49.08438
2017-11-13,65.355,51.0948
2017-11-14,64.5,50.0094
2017-11-15,64.29,50.4306
2017-11-16,65.4,50.625
2017-11-17,65.82000000000001,51.0381
2017-11-20,67.32000000000001,50.01588
2017-11-21,67.455,51.48522
2017-11-22,66.435,50.6412
2017-11-24,66.69,51.1191
2017-11-27,66.255,51.32322
2017-11-28,67.38,51.4431
2017-11-29,65.715,49.82148
2017-11-30,64.635,50.0337
2017-12-01,64.185,49.65785999999999
2017-12-04,64.57499999999999,49.4424
2017-12-05,64.19999999999999,49.1994
2017-12-06,63.225,50.74812
2017-12-07,63.03000000000001,50.42088
2017-12-08,63.03000000000001,51.05106
2017-12-11,62.505,53.28342000000001
2017-12-12,62.295,55.24685999999999
2017-12-13,62.1,54.92285999999999
2017-12-14,61.215,54.73818
2017-12-15,61.425000000000004,55.6389
2017-12-18,63.225,54.89694
2017-12-19,63.735,53.6382
2017-12-20,63.78000000000001,53.29476
2017-12-21,63.239999999999995,53.72892000000001
2017-12-22,63.03000000000001,52.6824
2017-12-26,62.699999999999996,51.40098
2017-12-27,61.965,50.48568
2017-12-28,62.07000000000001,51.08832
2017-12-29,61.485,50.4387
2018-01-02,59.355999999999995,53.849039999999995
2018-01-03,60.8044,53.298
2018-01-04,62.6788,52.85616
2018-01-05,62.4942,53.18544
2018-01-08,62.7924,56.51688000000001
2018-01-09,62.550999999999995,56.05992
2018-01-10,61.06,56.2464
2018-01-11,62.7498,56.7756
2018-01-12,62.5794,56.48496000000001
2018-01-16,62.7498,57.13008
2018-01-17,62.5226,58.322880000000005
2018-01-18,62.2812,57.88776
2018-01-19,61.273,58.80336
2018-01-22,61.4718,59.06208
2018-01-23,61.5996,59.26872
2018-01-24,62.70719999999999,58.0843872
2018-01-25,61.28719999999999,56.72352
2018-01-26,61.7558,57.598800000000004
2018-01-29,61.08840000000001,58.721039999999995
2018-01-30,60.63400000000001,58.09776
2018-01-31,60.222199999999994,59.54256
2018-02-01,60.2506,58.674
2018-02-02,58.22,57.75672
2018-02-05,56.1468,56.0616
2018-02-06,59.4412,56.04984
2018-02-07,60.1938,57.96
2018-02-08,57.865,52.98048
2018-02-09,58.8732,52.09848
2018-02-12,59.64,53.04264
2018-02-13,58.788,54.374880000000005
2018-02-14,59.3702,54.14808
2018-02-15,59.427,56.12292
2018-02-16,58.34780000000001,56.36232
2018-02-20,57.89340000000001,56.24136
2018-02-21,57.5952,55.9944
2018-02-22,58.09219999999999,58.15656
2018-02-23,58.09219999999999,59.1444
2018-02-26,58.9868,60.04656
2018-02-27,57.0414,58.96632
2018-02-28,55.877,57.63408
2018-03-01,53.128270853012,55.59624
2018-03-02,52.622153427488,56.30016
2018-03-05,53.05797676611,56.00280000000001
2018-03-06,53.325094296224,55.1376
2018-03-07,53.05797676611,55.8264
2018-03-08,53.732800000000005,55.28880000000001
2018-03-09,53.732800000000005,54.96456
2018-03-12,53.7186,58.04568
2018-03-13,53.9742,57.42911999999999
2018-03-14,53.5198,54.87384
2018-03-15,53.747,54.70080000000001
2018-03-16,53.8748,53.98680000000001
2018-03-19,52.5542,52.67808
2018-03-20,52.3838,52.1724
2018-03-21,53.3636,53.17703999999999
2018-03-22,51.617,51.92880000000001
2018-03-23,49.9414,50.65872
2018-03-26,51.1058,51.10224
2018-03-27,49.5154,46.90224
